std,var,working_set,object_store_size,object_size,time
0.21806881388822366,0.04755400759061673,1,4000000000,100000000,0.24415109179972205,0,0
