std,var,working_set,object_store_size,object_size,time,num_spill_objs,spilled_size
0.01625824523275551,0.00026433053804841725,1,4000000000,100000000,0.9126044272001309,7,1068
